"name","group","status","com","io","app","co","couk","social_signal","clarity","distinctiveness","global_pronunciation","destination_edition_fit","domain_signal","social_handle_signal","conflict_risk_safe","trademark_registrability","conflict_findings","thai_pronunciation_note","source_url","checked_at"
"Relocadi","coined","possible_conflict","free?","free?","free?","free?","free?","unclear","3","5","4","4","5","3","2","2","DNS clean on all TLDs but phonetically/visually close to Relocity (major VC-backed relocation SaaS, relocity.com, Fortune-500 clients) and Relocify (NL relocation startup). 'reloc-' root is crowded in relocation.","re-lo-KAA-di; Thai easy (r/l fluid), but resembles existing reloc- brands","https://www.relocity.com/","2026-08-29"
"Dwello","coined","rejected","REG","REG","?","?","?","unclear","4","3","4","4","1","2","2","2",".com and .io registered (dwello resembles multiple proptech/fintech 'dwelo/dwello' brands); relocation-adjacent property connotation.","dweh-LOH; Thai ok; 'dw' cluster slightly harder","https://dns.google/resolve?name=dwello.com&type=NS","2026-08-29"
"Arrivo","coined","rejected","REG","REG","?","?","free?","unclear","4","2","4","4","1","2","2","2",".com/.io registered; 'arrivo' = Italian for 'arrival' and used by travel/transport brands; near-generic arrival word.","aa-REE-voh; Thai ok (v→w)","https://dns.google/resolve?name=arrivo.com&type=NS","2026-08-29"
"Lumio","coined","rejected","REG","REG","?","?","?","unclear","3","3","4","3","1","2","2","2",".com registered; many existing 'Lumio' products (lighting/tech/games); weak relocation link.","LOO-mioh; Thai easy","https://dns.google/resolve?name=lumio.com&type=NS","2026-08-29"
"Kova","coined","rejected","REG","REG","?","?","?","unclear","2","3","3","3","1","2","2","2",".com/.io registered; several Kova brands; no relocation meaning.","KOH-vah (v→w); Thai ok","https://dns.google/resolve?name=kova.com&type=NS","2026-08-29"
"Rova","coined","rejected","REG","REG","?","?","?","unclear","2","3","4","3","1","2","2","2",".com/.io registered; used by travel/other brands; no clear meaning.","ROH-vah (v→w); Thai ok","https://dns.google/resolve?name=rova.com&type=NS","2026-08-29"
"Tula","coined","rejected","REG","REG","?","?","?","unclear","2","2","4","3","1","1","1","2",".com/.io registered; 'Tula' is an established baby-carrier brand and a common word/name; weak and crowded.","TOO-lah; Thai easy","https://dns.google/resolve?name=tula.com&type=NS","2026-08-29"
"LocalFooting","compound","preliminary_candidate","free?","free?","free?","free?","free?","yt_@localfooting_free","5","4","4","5","5","4","4","4","No in-sector company found in exact-match search; all .com/.io/.app/.co/.co.uk return no NS; YouTube @localfooting 404. 'Get a footing' = establish yourself; local + secure.","LOH-kǝl FUu-ting; Thai easy (f+t+ng all fine; -ing renders -ิง/-ing)","https://dns.google/resolve?name=localfooting.com&type=NS","2026-08-29"
"CityOrienteer","compound","preliminary_candidate","free?","free?","free?","free?","free?","yt_@cityorienteer_free","4","5","3","4","4","4","3","5","All checked TLDs no-NS; YouTube 404. 'Orienteer' alone is used by a US music-PR firm (orienteer.us) and an outdoor navigation app (Barleycorn; orienteer.co) - different sectors, but navigation/app meaning overlaps slightly; professional check needed. Strong ownable metaphor (navigate your new city).","si-tee aw-ri-uhn-TIA; Thai: 'orienteer' 3 syllables, -r/-eer render as -ia/-aa; acceptable but longer","https://www.orienteer.us/","2026-08-29"
"NewHereCo","compound","possible_conflict","free?","free?","free?","free?","free?","yt_@newhereco_TAKEN","5","3","5","5","4","3","3","3","TLDs no-NS, but YouTube @newhereco resolves to an existing channel ('I'm New Here'); 'new here' is a common phrase with many apps/posts, weaker as a mark; the 'Co' suffix helps. Very clear meaning.","nyuu-HIA-koh; Thai very easy","https://www.youtube.com/@newhereco","2026-08-29"
"FreshWeeks","compound","preliminary_candidate","free?","free?","ERR","free?","free?","unclear","3","4","4","4","4","3","4","4","Most TLDs no-NS (.app probe errored - recheck); no in-sector brand found. Evokes the first weeks, but reads slightly product/programme-like and is less natural as a company name.","fresh-WEEKS; Thai easy","https://dns.google/resolve?name=freshweeks.com&type=NS","2026-08-29"
"LocalOrbit","compound","unclear","?","?","?","?","?","unclear","4","3","4","4","3","3","2","3",".com probe returned ambiguous (rate-limit); 'orbit' is a common startup metaphor with several LocalOrbit/orbit-local style names; recheck before shortlisting.","LOH-kǝl AW-bit; Thai easy","https://dns.google/resolve?name=localorbit.com&type=NS","2026-08-29"
"PlaceWise","compound","rejected","REG","REG","?","?","?","unclear","4","2","4","4","1","2","2","2",".com/.io registered; 'placewise' naming already used (Placewise retail/media); generic 'place' root.","plays-WUYZ; Thai easy","https://dns.google/resolve?name=placewise.com&type=NS","2026-08-29"
"NewGround","compound","rejected","REG","?","?","?","?","unclear","4","2","3","3","1","2","2","3",".com registered; 'break new ground' is a common idiom and NewGround/newgrounds is an established media brand.","nyuu-GROWND; Thai: 'nd/-ground' ending is awkward (no g-final cluster)","https://dns.google/resolve?name=newground.com&type=NS","2026-08-29"
"Suki","friendly","rejected","REG","REG","?","?","?","unclear","2","2","5","2","1","1","1","2",".com/.io registered; common given name and Thai word (สุกี/suki = suki hotpot, also 'like/love' in Thai) - confusing for a Thai launch and many existing brands.","SU-kee; in Thai also means 'hotpot'/'fancy' - brand ambiguity","https://dns.google/resolve?name=suki.com&type=NS","2026-08-29"
"Cleo","friendly","rejected","REG","REG","?","?","?","unclear","2","2","5","2","1","1","1","1",".com/.io registered; very popular fintech/AI brand name (Cleo) and common name; social handles saturated; weak mark.","KLEE-oh; Thai easy","https://dns.google/resolve?name=cleo.com&type=NS","2026-08-29"
"Nova","friendly","rejected","?","REG","?","?","?","unclear","2","1","5","2","1","1","1","1",".io registered; extremely common brand/word ('nova') across many sectors; bare human/star names are unregistrable-feeling and handles gone.","NOH-vah; Thai easy","https://dns.google/resolve?name=nova.io&type=NS","2026-08-29"
"Remy","friendly","rejected","REG","REG","?","?","?","unclear","2","2","5","2","1","1","1","1",".com/.io registered; common name (Rémy) and multiple brands; relocation-irrelevant.","REH-mee; Thai easy","https://dns.google/resolve?name=remy.com&type=NS","2026-08-29"
"Indi","friendly","rejected","REG","?","?","?","?","unclear","2","2","4","3","1","1","1","2",".com registered; reads as 'India/Indi' and a common name; ambiguous geography; handles likely gone.","IN-dee; Thai easy","https://dns.google/resolve?name=indi.com&type=NS","2026-08-29"
"Mara","friendly","rejected","?","REG","?","?","?","unclear","2","2","4","2","1","1","1","2",".io registered; common name and word across languages (also Thai-ish); weak/confusable.","MAH-rah; Thai easy","https://dns.google/resolve?name=mara.io&type=NS","2026-08-29"
