"Category","Source / Organisation name","URL","Official?","What it is used for","Persona relevance","Legal-sensitive / likely to change?","Notes"
"Visa","Thai e-Visa (Ministry of Foreign Affairs)","https://www.thaievisa.go.th/","Yes (government)","Official online visa applications incl. DTV, LTR, retirement and tourist; fee payment; e-visa approval","All","Yes - visa categories/fees/requirements change by post and over time","Apply from outside Thailand only; portal occasionally down for maintenance"
"Visa","Thai Immigration Bureau","https://www.immigration.go.th/","Yes (government)","Extensions of stay, 90-day reports, form downloads, office locations","All","Yes - extension rules/fees and office procedures vary","Central immigration authority for in-country matters"
"Visa","TM30 online notification (Immigration)","https://tm30.immigration.go.th/","Yes (government)","24-48 hour address notification by host/landlord","All (esp. renters)","Yes - enforcement varies by office","Landlord typically files; required for extensions"
"Visa","TM47 90-day reporting (Immigration)","https://tm47.immigration.go.th/","Yes (government)","Online 90-day address report for long-stayers","Retirees and long-stay extension holders","Yes - deadlines/online availability change","Long-stay extension holders; LTR reports annually instead"
"Visa","Thailand Digital Arrival Card (TDAC)","https://tdac.immigration.go.th/","Yes (government)","Mandatory digital arrival card within 72h before entry","All","Yes - entry requirements change","Required per entry"
"Visa","Ministry of Foreign Affairs - Consular","https://www.mfa.go.th/","Yes (government)","Visa policy announcements and embassy/consulate directory","All","Yes - policy announcements","Use to find the Royal Thai Embassy with jurisdiction for an applicant"
"Visa","LTR Program - Board of Investment (BOI)","https://ltr.boi.go.th/","Yes (government)","Official 10-year Long-Term Resident visa criteria and benefits","High-income remote workers, pensioners, specialists","Yes - criteria relaxed Jan 2025; may change again","Publishes LTR statistics; warns against fraudulent agents"
"Visa","Thailand Privilege Card Co. (TPC / former Elite)","https://www.thailandprivilege.co.th/","Yes (government-owned company)","Official paid residence (Privilege/Elite) tiers and pricing","Affluent long-stayers, retirees","Yes - tiers/prices restructured 2024 and promo-priced in 2026","TPC is under the Ministry of Tourism and Sports; GSSA agents (Henley, Siam Legal) also process"
"Visa","Department of Employment - Ministry of Labour","https://www.doe.go.th/","Yes (government)","Work permits and foreign-worker rules","Workers, entrepreneurs","Yes - work-permit capital/hiring thresholds","Non-B visa holders; BOI companies get fast-track"
"Tax","Revenue Department (Ministry of Finance)","https://www.rd.go.th/","Yes (government)","Personal income tax, PND.90/91 filing, taxpayer ID, rulings","All earners/pension remitters","Yes - 2024 foreign-income remittance change; enforcement contested","Tax residency = 180+ days; filing deadline 31 Mar (online ~8 Apr)"
"Tax","Board of Investment - incentives","https://www.boi.go.th/","Yes (government)","LTR tax exemptions, 17% skilled-professional rate, BOI company promotion","LTR holders, entrepreneurs","Yes - incentive conditions","Companion to ltr.boi.go.th for business/tax incentives"
"Banking","Bank of Thailand","https://www.bot.or.th/English","Yes (government)","Banking regulation, FX rates, foreign-exchange rules","All","Moderate - FX/rules change","Use official daily mid-rate for cost conversions"
"Banking","Kasikorn Bank (KBank) - account opening","https://www.kasikornbank.com/en/personal/account/pages/savings.aspx","Yes (commercial bank)","Official foreigner account-opening terms; explicitly excludes tourist/VOA/free-visa/DTV","All (esp. DTV holders)","Yes - bank KYC policy changed 2025-26","Primary-source evidence of the DTV banking exclusion"
"Banking","Bangkok Bank","https://www.bangkokbank.com/","Yes (commercial bank)","Large foreigner-serving branch network; condo-ownership account path","All","Yes - policy tightened Jan 2026 per multiple advisers","Verify current branch requirements directly"
"Banking","Anti-Money Laundering Office (AMLO)","https://www.amlo.go.th/","Yes (government)","KYC/AML context behind account freezes and 'mule account' crackdown","All","Moderate","Background for the 2024-26 bank-account tightening"
"Healthcare","Ministry of Public Health (MoPH)","https://www.moph.go.th/","Yes (government)","Health system policy, public hospitals, regulation","Retirees, families","Moderate","Top-level health authority"
"Healthcare","Health Service Support Department (MoPH)","https://hss.moph.go.th/","Yes (government)","Private hospital/clinic licensing and health-service standards","All","Moderate","Verify facility registration"
"Healthcare","Office of Insurance Commission (OIC)","https://www.oic.or.th/","Yes (government)","Regulates insurers; O-A visa insurance must be OIC-approved","Retirees (O-A/O-X)","Yes - approved-insurer lists and minimums change","Governs the longstay.tgia.org insurer list referenced by embassies"
"Healthcare","Thai General Insurance Association - long-stay insurer list","http://longstay.tgia.org/","Yes (industry; official list for visa)","List of insurers accepted for O-A/O-X retirement insurance","Retirees","Yes - list changes","Referenced directly by Thai consulates for O-A insurance"
"Healthcare","National Health Security Office (NHSO)","https://www.nhso.go.th/","Yes (government)","Universal healthcare coverage context","Families, long-stayers","Low","Foreigners generally rely on private insurance; context only"
"Healthcare","Major private hospital groups (Bumrungrad / BDMS-Bangkok Hospital / Samitivej)","https://www.bumrungrad.com/ and https://www.bangkokhospital.com/","No (private providers)","International hospital pricing/services and direct billing","Retirees, families, nomads","Low","Practical care; use for out-of-pocket cost benchmarking"
"Telecoms","National Broadcasting and Telecommunications Commission (NBTC)","https://www.nbtc.go.th/","Yes (government)","SIM registration/eKYC rules, spectrum, consumer regulation","All SIM/eSIM users","Moderate","SIMs require passport registration; governs eSIM/number portability"
"Telecoms","Mobile network operators (AIS / TrueMove H-dtac)","https://www.ais.th/en/ and https://www.true.th/","No (commercial carriers)","Tourist SIM and postpaid plans","All","Moderate - plans change","Three-network market after True-dtac merger"
"Housing","Department of Lands (Ministry of Interior)","https://www.dol.go.th/","Yes (government)","Condominium foreign-quota (49%) and land-ownership rules; title transfers","Buyers, retirees","Yes - ownership/leasehold enforcement","Foreigners cannot own land; condo freehold within foreign quota"
"Housing","Department of Business Development (Ministry of Commerce)","https://www.dbd.go.th/","Yes (government)","Company registration; nominee-shareholder enforcement (esp. property-holding companies)","Entrepreneurs, buyers","Yes - active 2025-26 crackdown; DBD Order No.2/2568 from 1 Jan 2026","Registers Thai limited companies; audited-account requirements"
"Housing","Rental listings (DDproperty / FazWaz / Hipflat)","https://www.ddproperty.com/ ; https://www.fazwaz.com/ ; https://www.hipflat.com/","No (commercial platforms)","Rental/sale listings and price reference","All housing searchers","Low - listings/prices fluctuate","Market data only; not official; always verify lease terms/TM30"
"Transport","Office of Transport and Traffic Policy and Planning (OTP)","https://www.otp.go.th/","Yes (government)","Transport policy and planning","All","Low","Background for transit/rail projects"
"Transport","Department of Land Transport (DLT)","https://www.dlt.go.th/","Yes (government)","Thai driving licence, licence conversion, IDP rules","Residents, scooter/car users","Yes - licence-conversion document requirements","Needed for a Thai driving licence"
"Transport","Mass Rapid Transit Authority (MRTA) / BTS Skytrain","https://www.mrta.co.th/ and https://www.bts.co.th/","Yes (state enterprise)","MRT/BTS routes, fares, cards","Bangkok residents","Low","Car-free Bangkok living"
"Transport","Airports of Thailand (AOT)","https://www.airportthai.co.th/","Yes (state enterprise)","BKK/DMK/HKT airport info","All","Low","Flight/airport practical info"
"Transport","State Railway of Thailand","https://www.railway.co.th/","Yes (state enterprise)","Train services (incl. Bangkok-Hua Hin)","Hua Hin/regional residents","Low","Hua Hin is served by rail from Bangkok"
"Education","International Schools Association of Thailand (ISAT)","https://www.isat.or.th/","Yes (accredited association)","Member international-school directory and accreditation","Families","Low","School shortlisting; verify fees with schools directly"
"Education","Ministry of Education","https://www.moe.go.th/","Yes (government)","Thai education system and bilingual-school context","Families","Low","Context for non-international schooling options"
"Business/Foreign investment","Foreign Business Act / Ministry of Commerce (DBD)","https://www.dbd.go.th/","Yes (government)","49% foreign-ownership cap; nominee prohibition (S.36); Foreign Business Licence","Entrepreneurs","Yes - enforcement intensified 2023-26","Core legal constraint for foreign-owned businesses (FBA B.E.2542)"
"Business/Foreign investment","Board of Investment (BOI) promotion","https://www.boi.go.th/","Yes (government)","100% foreign-ownership pathways, tax holidays, eased work permits","Entrepreneurs, startups","Moderate","BOI approval can take months; conditions apply"
"Tourism/General","Tourism Authority of Thailand (TAT)","https://www.tatnews.org/","Yes (government)","Tourism policy, long-stay campaigns, arrival statistics","All","Moderate","Source for tourism/arrival figures and campaigns"
"Environment","Pollution Control Department - Air4Thai","http://air4thai.pcd.go.th/","Yes (government)","Official real-time AQI / PM2.5 readings","Chiang Mai residents, families, retirees","Yes - live/seasonal data","Basis for burning-season planning (Feb-Apr in the north)"
"Environment","Thai Meteorological Department","https://www.tmd.go.th/","Yes (government)","Weather, flood/storm warnings and monsoon updates","All (esp. rainy/flood season)","Yes - live warnings","Basis for flood/weather safety content"
"Community","ASEAN Now (formerly ThaiVisa forum)","https://aseannow.com/","No (community/forum)","Largest long-running English expat discussion forum","All, esp. retirees","N/A - user-generated/unverified","Skews older/practical; treat anecdotes as leads not facts"
"Community","Reddit r/Thailand and r/digitalnomad","https://www.reddit.com/r/Thailand/ and https://www.reddit.com/r/digitalnomad/","No (community/forum)","Real-time expat/nomad Q&A and pain points","Nomads; younger expats","N/A - unverified","Good for demand-sensing; not authoritative"
"Cost data","Numbeo","https://www.numbeo.com/cost-of-living/","No (crowd-sourced data)","City cost-of-living index comparisons","All budgeting","Low - crowd-sourced","Use for directional comparison; cross-check with local quotes"
"Cost data","LivingCost.org","https://livingcost.org/","No (aggregated data)","Per-person/family cost estimates by city","All budgeting","Low","Directional; pair with real rental listings"
"Insurance (providers)","SafetyWing / Genki / Heymondo (nomad travel-medical)","https://safetywing.com/ ; https://genki.world/ ; https://heymondo.com/","No (commercial insurers)","Travel/medical cover for remote workers and short-stayers","Nomads","Moderate - policy terms/premiums change","SafetyWing runs a public affiliate program; NOT accepted for O-A visa"
"Insurance (providers)","Pacific Cross / Luma / AIA / Cigna (Thailand/global health)","https://www.pacificcrosshealth.com/ ; https://www.lumahealth.io/ ; https://www.aia.co.th/ ; https://www.cigna.com/","No (commercial insurers)","O-A-compliant and global health plans","Retirees, families, long-stayers","Moderate","O-A visa needs OIC-approved (longstay.tgia.org) cover"
"Money transfer","Wise / DeeMoney","https://wise.com/ and https://www.deemoney.com/","No (commercial fintech)","Cross-border transfers and multi-currency cards","All","Moderate - product terms change","Common workaround for DTV holders without Thai accounts; Wise has a referral/partner program"
"Connectivity (affiliate)","Airalo / Nomad eSIM; VPN brands (NordVPN/Surfshark)","https://www.airalo.com/ ; https://www.nomad.global/ ; https://nordvpn.com/ ; https://surfshark.com/","No (commercial)","Tourist eSIM and VPN for security/geo-access","Nomads/new arrivals","Low","Affiliate programs exist (rates not independently verified - confirm terms)"
"Daily apps","Grab / Bolt / LINE / LINE MAN","https://www.grab.com/ ; https://www.bolt.eu/ ; https://line.me/","No (commercial apps)","Ride-hailing, food delivery, messaging/payments","All","Low","Essential first-week apps; LINE is the dominant local messaging layer"
"Relocation competitor","Thailand Starter Kit (Baan Smile)","https://www.thailandstarterkit.com/ (and https://baansmile.com/)","No (commercial competitor)","Free guides + tools + paid relocation (US$100 consult / US$1,500 30-day / US$2,600 1-year)","All","Competitor","Closest direct competitor; Bangkok-focused paid tiers"
"Relocation competitor","Siam Legal / thaiembassy.com","https://www.siam-legal.com/ and https://www.thaiembassy.com/","No (commercial legal services)","Visa/legal content + services; Privilege GSSA","Visa applicants, retirees","Yes - content is legal lead-gen","Strong SEO on visa keywords; commercial, not official"
